class,accuracy,precision,recall,f1,support
cedar apple rust,0.0000,0.0000,0.0000,0.0000,2
northern leaf blight,0.0000,0.0000,0.0000,0.0000,13
cercospora leaf spot gray leaf spot,0.2000,1.0000,0.2000,0.3333,10
leaf mold,0.2500,0.6667,0.2500,0.3636,8
target spot,0.3000,1.0000,0.3000,0.4615,10
septoria leaf spot,0.3333,0.6667,0.3333,0.4444,6
tomato yellow leaf curl virus,0.3636,0.5000,0.3636,0.4211,11
common rust,0.3750,1.0000,0.3750,0.5455,8
early blight,0.4000,0.7500,0.4000,0.5217,15
apple scab,0.5000,0.8000,0.5000,0.6154,8
bacterial spot,0.5385,1.0000,0.5385,0.7000,26
leaf scorch,0.6000,1.0000,0.6000,0.7500,10
haunglongbing (citrus greening),0.7500,1.0000,0.7500,0.8571,8
leaf blight (isariopsis leaf spot),0.7500,1.0000,0.7500,0.8571,8
spider mites two-spotted spider mite,0.8000,0.4444,0.8000,0.5714,5
late blight,0.8182,0.8182,0.8182,0.8182,11
black rot,0.8947,0.7727,0.8947,0.8293,19
powdery mildew,0.9444,1.0000,0.9444,0.9714,18
healthy,0.9890,0.9677,0.9890,0.9783,91
esca (black measles),1.0000,0.8571,1.0000,0.9231,6
tomato mosaic virus,1.0000,1.0000,1.0000,1.0000,7
